video_id,video_url,segment_number,start_time,end_time,duration,sentiment,polarity,subjectivity,joy_score,anger_score,fear_score,sadness_score,surprise_score,disgust_score,trust_score,anticipation_score
jwhljHLotQg,https://www.youtube.com/watch?v=jwhljHLotQg,1,4.0,35.7,31.7,negative,-0.123,0.178,0.0,0.0,0.0,0.0,0.0,0.0,0.0,0.0
jwhljHLotQg,https://www.youtube.com/watch?v=jwhljHLotQg,2,35.8,68.4,32.6,neutral,-0.052,0.351,0.0,0.0,0.0,0.0,0.0,0.0,0.0,0.0
jwhljHLotQg,https://www.youtube.com/watch?v=jwhljHLotQg,3,68.5,126.4,57.9,positive,0.525,0.525,33.333,0.0,0.0,0.0,0.0,0.0,0.0,0.0
jwhljHLotQg,https://www.youtube.com/watch?v=jwhljHLotQg,4,126.5,159.6,33.1,positive,0.817,0.867,12.987,0.0,0.0,0.0,0.0,0.0,0.0,0.0
jwhljHLotQg,https://www.youtube.com/watch?v=jwhljHLotQg,5,159.7,192.2,32.4,positive,0.283,0.433,0.0,0.0,0.0,0.0,0.0,0.0,0.0,0.0
jwhljHLotQg,https://www.youtube.com/watch?v=jwhljHLotQg,6,192.3,227.1,34.9,positive,0.228,0.424,0.0,0.0,0.0,0.0,0.0,0.0,0.0,0.0
jwhljHLotQg,https://www.youtube.com/watch?v=jwhljHLotQg,7,227.2,259.1,31.9,positive,0.286,0.529,12.987,0.0,0.0,0.0,0.0,0.0,0.0,0.0
jwhljHLotQg,https://www.youtube.com/watch?v=jwhljHLotQg,8,259.2,292.6,33.4,neutral,0.075,0.384,0.0,0.0,0.0,0.0,0.0,0.0,0.0,0.0
jwhljHLotQg,https://www.youtube.com/watch?v=jwhljHLotQg,9,292.7,325.2,32.4,positive,0.25,0.6,0.0,0.0,0.0,0.0,0.0,0.0,0.0,0.0
jwhljHLotQg,https://www.youtube.com/watch?v=jwhljHLotQg,10,325.3,359.1,33.8,positive,0.165,0.453,0.0,0.0,0.0,0.0,0.0,0.0,0.0,0.0
jwhljHLotQg,https://www.youtube.com/watch?v=jwhljHLotQg,11,359.2,391.0,31.8,neutral,-0.052,0.424,0.0,7.752,0.0,0.0,0.0,0.0,0.0,0.0
jwhljHLotQg,https://www.youtube.com/watch?v=jwhljHLotQg,12,391.1,424.2,33.1,negative,-0.18,0.32,0.0,0.0,0.0,0.0,0.0,0.0,0.0,0.0
jwhljHLotQg,https://www.youtube.com/watch?v=jwhljHLotQg,13,424.3,457.1,32.8,neutral,0.0,0.1,0.0,0.0,0.0,0.0,0.0,0.0,0.0,0.0
jwhljHLotQg,https://www.youtube.com/watch?v=jwhljHLotQg,14,457.2,489.5,32.3,negative,-0.106,0.652,0.0,0.0,0.0,0.0,0.0,0.0,0.0,0.0
jwhljHLotQg,https://www.youtube.com/watch?v=jwhljHLotQg,15,489.6,520.7,31.1,positive,0.18,0.469,19.048,0.0,0.0,0.0,0.0,0.0,0.0,0.0
jwhljHLotQg,https://www.youtube.com/watch?v=jwhljHLotQg,16,521.9,554.4,32.4,positive,0.317,0.478,0.0,0.0,0.0,0.0,0.0,0.0,0.0,0.0
jwhljHLotQg,https://www.youtube.com/watch?v=jwhljHLotQg,17,554.5,586.8,32.3,neutral,-0.1,0.373,0.0,0.0,0.0,0.0,0.0,0.0,8.475,0.0
jwhljHLotQg,https://www.youtube.com/watch?v=jwhljHLotQg,18,586.9,619.9,33.0,negative,-0.471,0.734,0.0,0.0,0.0,0.0,0.0,0.0,0.0,0.0
jwhljHLotQg,https://www.youtube.com/watch?v=jwhljHLotQg,19,620.0,651.5,31.6,positive,0.4,0.4,0.0,0.0,0.0,0.0,0.0,0.0,0.0,0.0
jwhljHLotQg,https://www.youtube.com/watch?v=jwhljHLotQg,20,651.6,682.7,31.1,neutral,-0.055,0.665,0.0,0.0,0.0,0.0,0.0,0.0,0.0,0.0
jwhljHLotQg,https://www.youtube.com/watch?v=jwhljHLotQg,21,683.8,716.8,33.0,negative,-0.156,0.289,0.0,0.0,0.0,0.0,0.0,0.0,0.0,0.0
jwhljHLotQg,https://www.youtube.com/watch?v=jwhljHLotQg,22,716.9,751.8,34.9,positive,0.141,0.501,0.0,38.961,0.0,0.0,0.0,0.0,0.0,0.0
jwhljHLotQg,https://www.youtube.com/watch?v=jwhljHLotQg,23,751.9,784.5,32.6,neutral,0.091,0.403,0.0,0.0,0.0,0.0,0.0,0.0,0.0,0.0
jwhljHLotQg,https://www.youtube.com/watch?v=jwhljHLotQg,24,784.6,816.9,32.3,positive,0.168,0.446,0.0,0.0,0.0,0.0,0.0,0.0,0.0,0.0
jwhljHLotQg,https://www.youtube.com/watch?v=jwhljHLotQg,25,817.0,849.2,32.2,neutral,-0.005,0.407,0.0,0.0,0.0,0.0,0.0,0.0,0.0,0.0
jwhljHLotQg,https://www.youtube.com/watch?v=jwhljHLotQg,26,849.3,881.2,31.8,positive,0.213,0.34,0.0,9.259,0.0,0.0,0.0,0.0,0.0,0.0
jwhljHLotQg,https://www.youtube.com/watch?v=jwhljHLotQg,27,881.3,914.8,33.5,negative,-0.119,0.609,0.0,0.0,0.0,0.0,0.0,0.0,0.0,0.0
jwhljHLotQg,https://www.youtube.com/watch?v=jwhljHLotQg,28,914.9,946.7,31.8,neutral,-0.006,0.585,0.0,9.091,0.0,0.0,0.0,0.0,0.0,0.0
jwhljHLotQg,https://www.youtube.com/watch?v=jwhljHLotQg,29,946.8,978.2,31.4,positive,0.143,0.482,0.0,9.434,0.0,0.0,0.0,0.0,0.0,0.0
jwhljHLotQg,https://www.youtube.com/watch?v=jwhljHLotQg,30,978.3,1011.3,33.0,negative,-0.292,0.542,0.0,0.0,0.0,0.0,0.0,0.0,0.0,0.0
jwhljHLotQg,https://www.youtube.com/watch?v=jwhljHLotQg,31,1011.4,1044.2,32.8,positive,0.141,0.33,0.0,0.0,0.0,0.0,0.0,0.0,0.0,0.0
jwhljHLotQg,https://www.youtube.com/watch?v=jwhljHLotQg,32,1044.3,1075.8,31.6,positive,0.517,0.783,0.0,0.0,0.0,0.0,0.0,0.0,0.0,0.0
jwhljHLotQg,https://www.youtube.com/watch?v=jwhljHLotQg,33,1075.9,1107.4,31.4,positive,0.427,0.691,0.0,10.526,0.0,0.0,0.0,0.0,0.0,0.0
jwhljHLotQg,https://www.youtube.com/watch?v=jwhljHLotQg,34,1107.5,1138.5,31.0,positive,0.344,0.719,0.0,0.0,0.0,0.0,0.0,0.0,0.0,0.0
jwhljHLotQg,https://www.youtube.com/watch?v=jwhljHLotQg,35,1138.6,1171.4,32.8,positive,0.487,0.629,19.802,0.0,0.0,0.0,0.0,0.0,0.0,0.0
jwhljHLotQg,https://www.youtube.com/watch?v=jwhljHLotQg,36,1171.5,1205.3,33.8,positive,0.499,0.402,43.103,0.0,0.0,0.0,0.0,0.0,0.0,0.0
jwhljHLotQg,https://www.youtube.com/watch?v=jwhljHLotQg,37,1205.4,1243.7,38.2,neutral,0.01,0.481,13.514,0.0,0.0,0.0,0.0,0.0,0.0,0.0
jwhljHLotQg,https://www.youtube.com/watch?v=jwhljHLotQg,38,1243.8,1276.2,32.5,positive,0.562,0.767,15.625,0.0,0.0,0.0,0.0,0.0,0.0,0.0
jwhljHLotQg,https://www.youtube.com/watch?v=jwhljHLotQg,39,1276.3,1309.0,32.7,positive,0.388,0.492,0.0,0.0,0.0,0.0,0.0,0.0,0.0,0.0
jwhljHLotQg,https://www.youtube.com/watch?v=jwhljHLotQg,40,1309.1,1343.3,34.2,positive,0.257,0.448,0.0,0.0,0.0,0.0,0.0,0.0,0.0,0.0
jwhljHLotQg,https://www.youtube.com/watch?v=jwhljHLotQg,41,1343.4,1375.8,32.3,positive,0.342,0.483,17.094,0.0,0.0,0.0,0.0,0.0,0.0,8.547
jwhljHLotQg,https://www.youtube.com/watch?v=jwhljHLotQg,42,1375.9,1406.4,30.5,positive,0.438,0.9,12.5,0.0,0.0,0.0,0.0,0.0,0.0,0.0
jwhljHLotQg,https://www.youtube.com/watch?v=jwhljHLotQg,43,1406.5,1439.0,32.5,neutral,0.097,0.556,0.0,0.0,0.0,0.0,0.0,0.0,0.0,0.0
jwhljHLotQg,https://www.youtube.com/watch?v=jwhljHLotQg,44,1439.1,1472.7,33.6,positive,0.233,0.633,0.0,0.0,0.0,0.0,0.0,0.0,0.0,0.0
jwhljHLotQg,https://www.youtube.com/watch?v=jwhljHLotQg,45,1472.8,1504.6,31.8,positive,0.279,0.609,9.615,0.0,0.0,0.0,0.0,0.0,0.0,0.0
jwhljHLotQg,https://www.youtube.com/watch?v=jwhljHLotQg,46,1504.7,1536.6,31.9,neutral,0.004,0.367,0.0,0.0,0.0,0.0,0.0,0.0,0.0,0.0
jwhljHLotQg,https://www.youtube.com/watch?v=jwhljHLotQg,47,1536.7,1572.2,35.5,positive,0.283,0.644,0.0,0.0,0.0,0.0,0.0,0.0,0.0,0.0
jwhljHLotQg,https://www.youtube.com/watch?v=jwhljHLotQg,48,1572.3,1603.2,30.9,positive,0.136,0.383,9.346,0.0,0.0,0.0,0.0,0.0,0.0,0.0
jwhljHLotQg,https://www.youtube.com/watch?v=jwhljHLotQg,49,1603.3,1635.9,32.6,neutral,0.06,0.662,0.0,0.0,0.0,0.0,0.0,0.0,0.0,0.0
jwhljHLotQg,https://www.youtube.com/watch?v=jwhljHLotQg,50,1636.0,1667.6,31.6,neutral,0.098,0.579,0.0,0.0,0.0,0.0,0.0,0.0,0.0,0.0
jwhljHLotQg,https://www.youtube.com/watch?v=jwhljHLotQg,51,1667.7,1700.0,32.3,positive,0.466,0.707,0.0,0.0,0.0,0.0,0.0,0.0,0.0,0.0
jwhljHLotQg,https://www.youtube.com/watch?v=jwhljHLotQg,52,1700.1,1732.9,32.8,positive,0.22,0.524,0.0,0.0,0.0,0.0,9.174,0.0,0.0,0.0
jwhljHLotQg,https://www.youtube.com/watch?v=jwhljHLotQg,53,1733.0,1766.7,33.7,positive,0.119,0.536,0.0,0.0,0.0,0.0,0.0,0.0,0.0,0.0
jwhljHLotQg,https://www.youtube.com/watch?v=jwhljHLotQg,54,1766.8,1798.2,31.4,positive,0.203,0.515,0.0,0.0,0.0,0.0,0.0,0.0,0.0,0.0
jwhljHLotQg,https://www.youtube.com/watch?v=jwhljHLotQg,55,1800.4,1831.4,31.1,positive,0.28,0.514,14.706,14.706,0.0,0.0,0.0,0.0,0.0,14.706
jwhljHLotQg,https://www.youtube.com/watch?v=jwhljHLotQg,56,1831.5,1864.3,32.7,positive,0.512,0.512,0.0,0.0,0.0,0.0,0.0,0.0,0.0,0.0
jwhljHLotQg,https://www.youtube.com/watch?v=jwhljHLotQg,57,1864.4,1898.7,34.3,positive,0.201,0.661,0.0,0.0,0.0,0.0,0.0,0.0,0.0,0.0
jwhljHLotQg,https://www.youtube.com/watch?v=jwhljHLotQg,58,1898.8,1932.0,33.3,positive,0.274,0.624,0.0,0.0,0.0,0.0,0.0,0.0,0.0,0.0
jwhljHLotQg,https://www.youtube.com/watch?v=jwhljHLotQg,59,1932.1,1964.1,32.0,positive,0.195,0.631,11.111,0.0,0.0,0.0,0.0,0.0,0.0,11.111
jwhljHLotQg,https://www.youtube.com/watch?v=jwhljHLotQg,60,1964.2,1996.4,32.2,neutral,0.097,0.618,0.0,0.0,0.0,0.0,0.0,0.0,0.0,0.0
jwhljHLotQg,https://www.youtube.com/watch?v=jwhljHLotQg,61,1996.5,2029.6,33.1,positive,0.153,0.638,0.0,10.638,0.0,0.0,0.0,0.0,0.0,0.0
jwhljHLotQg,https://www.youtube.com/watch?v=jwhljHLotQg,62,2029.7,2061.5,31.7,neutral,-0.025,0.225,0.0,0.0,0.0,0.0,0.0,0.0,0.0,0.0
jwhljHLotQg,https://www.youtube.com/watch?v=jwhljHLotQg,63,2061.6,2094.0,32.5,positive,0.393,0.45,0.0,0.0,0.0,0.0,0.0,0.0,0.0,0.0
jwhljHLotQg,https://www.youtube.com/watch?v=jwhljHLotQg,64,2094.1,2125.4,31.3,positive,0.15,0.425,0.0,0.0,0.0,0.0,0.0,0.0,0.0,0.0
jwhljHLotQg,https://www.youtube.com/watch?v=jwhljHLotQg,65,2125.5,2136.1,10.5,positive,0.123,0.57,25.641,0.0,0.0,0.0,0.0,0.0,0.0,0.0
I2NfoaJt-0k,https://www.youtube.com/watch?v=I2NfoaJt-0k,1,0.1,34.2,34.1,positive,0.267,0.783,0.0,7.937,0.0,0.0,0.0,0.0,0.0,0.0
I2NfoaJt-0k,https://www.youtube.com/watch?v=I2NfoaJt-0k,2,32.8,69.4,36.6,positive,0.131,0.469,0.0,0.0,0.0,0.0,0.0,0.0,0.0,0.0
I2NfoaJt-0k,https://www.youtube.com/watch?v=I2NfoaJt-0k,3,67.2,103.4,36.2,positive,0.186,0.54,0.0,0.0,0.0,0.0,0.0,0.0,0.0,0.0
I2NfoaJt-0k,https://www.youtube.com/watch?v=I2NfoaJt-0k,4,101.2,138.8,37.6,positive,0.158,0.688,0.0,0.0,0.0,0.0,0.0,0.0,0.0,0.0
I2NfoaJt-0k,https://www.youtube.com/watch?v=I2NfoaJt-0k,5,139.0,180.6,41.6,negative,-0.3,0.637,0.0,0.0,22.727,0.0,0.0,0.0,0.0,0.0
I2NfoaJt-0k,https://www.youtube.com/watch?v=I2NfoaJt-0k,6,178.1,214.6,36.5,positive,0.104,0.775,0.0,9.259,0.0,0.0,0.0,0.0,0.0,0.0
I2NfoaJt-0k,https://www.youtube.com/watch?v=I2NfoaJt-0k,7,211.8,245.8,34.0,neutral,0.058,0.57,0.0,9.346,0.0,0.0,0.0,0.0,0.0,0.0
I2NfoaJt-0k,https://www.youtube.com/watch?v=I2NfoaJt-0k,8,243.7,280.8,37.1,neutral,-0.053,0.514,0.0,0.0,0.0,0.0,0.0,0.0,0.0,0.0
I2NfoaJt-0k,https://www.youtube.com/watch?v=I2NfoaJt-0k,9,279.3,314.8,35.5,negative,-0.312,0.5,0.0,0.0,0.0,0.0,0.0,0.0,0.0,0.0
I2NfoaJt-0k,https://www.youtube.com/watch?v=I2NfoaJt-0k,10,311.8,347.8,35.9,neutral,0.0,0.505,0.0,0.0,0.0,0.0,0.0,0.0,0.0,0.0
I2NfoaJt-0k,https://www.youtube.com/watch?v=I2NfoaJt-0k,11,345.3,381.3,36.0,neutral,-0.089,0.394,0.0,0.0,0.0,0.0,8.475,0.0,0.0,0.0
I2NfoaJt-0k,https://www.youtube.com/watch?v=I2NfoaJt-0k,12,377.8,413.1,35.4,positive,0.16,0.326,0.0,0.0,0.0,0.0,0.0,0.0,0.0,0.0
I2NfoaJt-0k,https://www.youtube.com/watch?v=I2NfoaJt-0k,13,411.1,447.5,36.4,neutral,0.062,0.193,0.0,0.0,0.0,0.0,0.0,0.0,0.0,0.0
I2NfoaJt-0k,https://www.youtube.com/watch?v=I2NfoaJt-0k,14,445.1,480.9,35.8,positive,0.164,0.4,0.0,0.0,0.0,0.0,0.0,0.0,0.0,0.0
I2NfoaJt-0k,https://www.youtube.com/watch?v=I2NfoaJt-0k,15,479.3,514.4,35.1,positive,0.332,0.688,0.0,0.0,0.0,0.0,0.0,0.0,0.0,0.0
I2NfoaJt-0k,https://www.youtube.com/watch?v=I2NfoaJt-0k,16,513.1,547.0,33.9,neutral,0.023,0.522,0.0,0.0,0.0,0.0,0.0,0.0,0.0,0.0
I2NfoaJt-0k,https://www.youtube.com/watch?v=I2NfoaJt-0k,17,545.5,579.4,33.8,positive,0.165,0.635,0.0,0.0,0.0,0.0,0.0,0.0,0.0,0.0
I2NfoaJt-0k,https://www.youtube.com/watch?v=I2NfoaJt-0k,18,577.8,613.4,35.5,positive,0.313,0.46,0.0,0.0,0.0,0.0,0.0,0.0,0.0,0.0
I2NfoaJt-0k,https://www.youtube.com/watch?v=I2NfoaJt-0k,19,610.8,634.4,23.6,neutral,0.029,0.442,0.0,0.0,0.0,0.0,0.0,0.0,0.0,0.0
D4wcq125Y4M,https://www.youtube.com/watch?v=D4wcq125Y4M,1,0.4,44.3,43.9,positive,0.271,0.482,8.264,0.0,0.0,0.0,0.0,0.0,0.0,8.264
D4wcq125Y4M,https://www.youtube.com/watch?v=D4wcq125Y4M,2,44.3,84.2,39.9,negative,-0.11,0.433,9.901,0.0,0.0,0.0,0.0,0.0,0.0,0.0
D4wcq125Y4M,https://www.youtube.com/watch?v=D4wcq125Y4M,3,84.2,127.6,43.4,negative,-0.226,0.698,0.0,0.0,0.0,0.0,0.0,0.0,0.0,10.309
D4wcq125Y4M,https://www.youtube.com/watch?v=D4wcq125Y4M,4,127.6,168.4,40.8,neutral,0.084,0.471,0.0,0.0,0.0,0.0,0.0,0.0,9.524,9.524
D4wcq125Y4M,https://www.youtube.com/watch?v=D4wcq125Y4M,5,168.4,206.6,38.2,negative,-0.44,0.54,0.0,10.526,0.0,0.0,0.0,0.0,0.0,0.0
D4wcq125Y4M,https://www.youtube.com/watch?v=D4wcq125Y4M,6,206.6,247.4,40.7,neutral,-0.031,0.493,0.0,0.0,0.0,0.0,0.0,0.0,0.0,0.0
D4wcq125Y4M,https://www.youtube.com/watch?v=D4wcq125Y4M,7,247.4,283.8,36.4,positive,0.15,0.55,0.0,0.0,0.0,0.0,0.0,0.0,0.0,0.0
D4wcq125Y4M,https://www.youtube.com/watch?v=D4wcq125Y4M,8,283.8,324.2,40.5,neutral,-0.076,0.613,0.0,9.615,0.0,0.0,0.0,0.0,0.0,0.0
D4wcq125Y4M,https://www.youtube.com/watch?v=D4wcq125Y4M,9,324.2,363.7,39.4,neutral,0.026,0.611,0.0,0.0,0.0,0.0,0.0,0.0,10.101,0.0
D4wcq125Y4M,https://www.youtube.com/watch?v=D4wcq125Y4M,10,363.7,402.2,38.5,positive,0.164,0.722,0.0,0.0,0.0,0.0,0.0,0.0,0.0,0.0
D4wcq125Y4M,https://www.youtube.com/watch?v=D4wcq125Y4M,11,402.2,453.0,50.8,positive,0.177,0.46,20.408,0.0,0.0,0.0,0.0,0.0,10.204,0.0
D4wcq125Y4M,https://www.youtube.com/watch?v=D4wcq125Y4M,12,453.0,492.6,39.7,positive,0.19,0.546,12.048,0.0,0.0,0.0,0.0,0.0,0.0,0.0
D4wcq125Y4M,https://www.youtube.com/watch?v=D4wcq125Y4M,13,492.6,533.0,40.3,neutral,0.08,0.747,0.0,0.0,0.0,0.0,0.0,0.0,0.0,0.0
D4wcq125Y4M,https://www.youtube.com/watch?v=D4wcq125Y4M,14,533.0,577.0,44.0,neutral,0.061,0.511,0.0,21.053,0.0,0.0,0.0,0.0,0.0,10.526
D4wcq125Y4M,https://www.youtube.com/watch?v=D4wcq125Y4M,15,577.0,599.2,22.2,positive,0.302,0.582,13.889,0.0,0.0,0.0,0.0,0.0,0.0,0.0
_invBeC8VXw,https://www.youtube.com/watch?v=_invBeC8VXw,1,0.0,35.8,35.8,neutral,0.038,0.454,0.0,0.0,0.0,0.0,0.0,0.0,0.0,0.0
_invBeC8VXw,https://www.youtube.com/watch?v=_invBeC8VXw,2,33.3,68.9,35.6,neutral,-0.056,0.457,0.0,0.0,0.0,0.0,0.0,0.0,0.0,0.0
_invBeC8VXw,https://www.youtube.com/watch?v=_invBeC8VXw,3,66.2,100.6,34.4,positive,0.13,0.505,0.0,0.0,0.0,0.0,0.0,0.0,0.0,0.0
_invBeC8VXw,https://www.youtube.com/watch?v=_invBeC8VXw,4,98.2,135.9,37.7,neutral,0.045,0.332,0.0,0.0,0.0,0.0,0.0,0.0,0.0,0.0
_invBeC8VXw,https://www.youtube.com/watch?v=_invBeC8VXw,5,132.5,167.8,35.3,neutral,0.023,0.49,0.0,22.472,0.0,0.0,0.0,0.0,0.0,0.0
_invBeC8VXw,https://www.youtube.com/watch?v=_invBeC8VXw,6,165.8,199.8,34.0,neutral,0.09,0.313,0.0,0.0,0.0,0.0,0.0,0.0,0.0,0.0
_invBeC8VXw,https://www.youtube.com/watch?v=_invBeC8VXw,7,198.2,236.8,38.7,neutral,0.077,0.429,0.0,0.0,0.0,0.0,0.0,0.0,0.0,0.0
_invBeC8VXw,https://www.youtube.com/watch?v=_invBeC8VXw,8,233.0,269.6,36.6,positive,0.215,0.54,0.0,0.0,0.0,0.0,0.0,0.0,0.0,0.0
_invBeC8VXw,https://www.youtube.com/watch?v=_invBeC8VXw,9,267.2,303.6,36.4,positive,0.243,0.369,0.0,0.0,0.0,0.0,0.0,0.0,0.0,0.0
_invBeC8VXw,https://www.youtube.com/watch?v=_invBeC8VXw,10,300.5,338.4,38.0,negative,-0.123,0.56,0.0,0.0,0.0,0.0,0.0,0.0,0.0,0.0
_invBeC8VXw,https://www.youtube.com/watch?v=_invBeC8VXw,11,334.8,371.8,37.0,positive,0.232,0.552,0.0,0.0,0.0,0.0,0.0,0.0,0.0,0.0
_invBeC8VXw,https://www.youtube.com/watch?v=_invBeC8VXw,12,369.1,406.8,37.7,neutral,0.039,0.481,0.0,10.309,0.0,0.0,0.0,0.0,0.0,0.0
_invBeC8VXw,https://www.youtube.com/watch?v=_invBeC8VXw,13,404.2,440.3,36.2,neutral,-0.075,0.168,0.0,0.0,0.0,0.0,0.0,0.0,0.0,0.0
_invBeC8VXw,https://www.youtube.com/watch?v=_invBeC8VXw,14,438.4,475.0,36.6,positive,0.11,0.506,0.0,0.0,0.0,0.0,0.0,0.0,0.0,0.0
_invBeC8VXw,https://www.youtube.com/watch?v=_invBeC8VXw,15,471.5,507.9,36.4,positive,0.26,0.373,0.0,0.0,0.0,0.0,0.0,0.0,0.0,0.0
_invBeC8VXw,https://www.youtube.com/watch?v=_invBeC8VXw,16,504.7,537.8,33.1,neutral,-0.003,0.222,0.0,0.0,0.0,0.0,0.0,0.0,0.0,0.0
_invBeC8VXw,https://www.youtube.com/watch?v=_invBeC8VXw,17,536.4,571.4,35.0,positive,0.217,0.344,0.0,0.0,0.0,0.0,0.0,0.0,0.0,0.0
_invBeC8VXw,https://www.youtube.com/watch?v=_invBeC8VXw,18,569.4,606.9,37.5,neutral,0.009,0.415,0.0,0.0,0.0,0.0,0.0,0.0,0.0,0.0
_invBeC8VXw,https://www.youtube.com/watch?v=_invBeC8VXw,19,604.2,640.1,35.9,positive,0.174,0.425,0.0,12.987,0.0,0.0,0.0,0.0,0.0,0.0
_invBeC8VXw,https://www.youtube.com/watch?v=_invBeC8VXw,20,637.6,674.9,37.3,neutral,0.07,0.598,0.0,0.0,0.0,0.0,0.0,0.0,0.0,0.0
_invBeC8VXw,https://www.youtube.com/watch?v=_invBeC8VXw,21,672.7,709.6,36.9,positive,0.162,0.457,0.0,0.0,0.0,0.0,0.0,0.0,0.0,0.0
_invBeC8VXw,https://www.youtube.com/watch?v=_invBeC8VXw,22,707.0,743.4,36.4,positive,0.125,0.349,0.0,0.0,0.0,0.0,0.0,0.0,0.0,0.0
_invBeC8VXw,https://www.youtube.com/watch?v=_invBeC8VXw,23,740.8,777.0,36.2,neutral,0.056,0.36,0.0,0.0,0.0,0.0,0.0,0.0,0.0,0.0
_invBeC8VXw,https://www.youtube.com/watch?v=_invBeC8VXw,24,775.0,812.2,37.2,positive,0.255,0.518,0.0,0.0,0.0,0.0,0.0,0.0,0.0,0.0
_invBeC8VXw,https://www.youtube.com/watch?v=_invBeC8VXw,25,809.0,844.6,35.7,neutral,-0.071,0.442,0.0,0.0,0.0,10.87,0.0,0.0,0.0,0.0
_invBeC8VXw,https://www.youtube.com/watch?v=_invBeC8VXw,26,842.4,882.2,39.8,neutral,0.051,0.473,0.0,0.0,0.0,0.0,0.0,0.0,0.0,0.0
_invBeC8VXw,https://www.youtube.com/watch?v=_invBeC8VXw,27,878.7,916.8,38.1,neutral,-0.048,0.484,0.0,0.0,0.0,0.0,0.0,0.0,0.0,0.0
_invBeC8VXw,https://www.youtube.com/watch?v=_invBeC8VXw,28,914.3,952.7,38.4,positive,0.278,0.342,0.0,0.0,0.0,0.0,0.0,0.0,0.0,0.0
_invBeC8VXw,https://www.youtube.com/watch?v=_invBeC8VXw,29,950.0,987.0,37.0,neutral,0.0,0.441,0.0,11.494,0.0,0.0,0.0,0.0,0.0,0.0
_invBeC8VXw,https://www.youtube.com/watch?v=_invBeC8VXw,30,983.8,1022.7,38.9,neutral,0.025,0.39,0.0,0.0,0.0,0.0,0.0,0.0,0.0,0.0
_invBeC8VXw,https://www.youtube.com/watch?v=_invBeC8VXw,31,1019.3,1056.0,36.7,neutral,0.047,0.51,0.0,0.0,0.0,0.0,0.0,0.0,0.0,0.0
_invBeC8VXw,https://www.youtube.com/watch?v=_invBeC8VXw,32,1053.2,1092.2,39.0,positive,0.219,0.431,0.0,0.0,0.0,0.0,0.0,0.0,0.0,0.0
_invBeC8VXw,https://www.youtube.com/watch?v=_invBeC8VXw,33,1087.2,1122.7,35.5,neutral,-0.01,0.09,0.0,0.0,0.0,0.0,0.0,0.0,0.0,0.0
_invBeC8VXw,https://www.youtube.com/watch?v=_invBeC8VXw,34,1120.3,1155.8,35.4,positive,0.25,0.583,0.0,0.0,0.0,0.0,0.0,0.0,0.0,0.0
_invBeC8VXw,https://www.youtube.com/watch?v=_invBeC8VXw,35,1156.6,1190.7,34.1,neutral,-0.01,0.219,0.0,0.0,0.0,0.0,0.0,0.0,0.0,0.0
_invBeC8VXw,https://www.youtube.com/watch?v=_invBeC8VXw,36,1191.0,1233.4,42.4,neutral,-0.059,0.541,0.0,0.0,0.0,0.0,0.0,0.0,0.0,0.0
_invBeC8VXw,https://www.youtube.com/watch?v=_invBeC8VXw,37,1231.8,1266.9,35.1,neutral,-0.074,0.288,0.0,0.0,0.0,0.0,0.0,0.0,0.0,0.0
_invBeC8VXw,https://www.youtube.com/watch?v=_invBeC8VXw,38,1265.3,1300.4,35.1,negative,-0.129,0.552,0.0,14.085,0.0,0.0,0.0,0.0,0.0,0.0
_invBeC8VXw,https://www.youtube.com/watch?v=_invBeC8VXw,39,1298.8,1339.6,40.8,neutral,0.083,0.243,0.0,0.0,0.0,0.0,0.0,0.0,0.0,0.0
_invBeC8VXw,https://www.youtube.com/watch?v=_invBeC8VXw,40,1336.9,1374.0,37.1,negative,-0.216,0.326,0.0,0.0,0.0,0.0,0.0,0.0,0.0,0.0
_invBeC8VXw,https://www.youtube.com/watch?v=_invBeC8VXw,41,1370.7,1406.7,36.0,negative,-0.292,0.458,0.0,0.0,0.0,0.0,0.0,0.0,0.0,0.0
_invBeC8VXw,https://www.youtube.com/watch?v=_invBeC8VXw,42,1404.2,1447.2,43.0,neutral,0.007,0.515,0.0,0.0,0.0,0.0,0.0,0.0,0.0,0.0
_invBeC8VXw,https://www.youtube.com/watch?v=_invBeC8VXw,43,1445.7,1482.8,37.1,neutral,-0.028,0.339,0.0,0.0,0.0,0.0,0.0,0.0,0.0,0.0
_invBeC8VXw,https://www.youtube.com/watch?v=_invBeC8VXw,44,1479.8,1514.7,34.9,neutral,0.063,0.24,0.0,0.0,0.0,0.0,0.0,0.0,0.0,0.0
_invBeC8VXw,https://www.youtube.com/watch?v=_invBeC8VXw,45,1511.8,1549.0,37.2,neutral,0.062,0.212,0.0,0.0,0.0,0.0,0.0,0.0,0.0,0.0
_invBeC8VXw,https://www.youtube.com/watch?v=_invBeC8VXw,46,1546.4,1585.9,39.5,positive,0.107,0.456,0.0,0.0,0.0,0.0,0.0,0.0,0.0,0.0
_invBeC8VXw,https://www.youtube.com/watch?v=_invBeC8VXw,47,1581.5,1617.1,35.6,positive,0.317,0.375,0.0,0.0,0.0,0.0,0.0,0.0,0.0,0.0
_invBeC8VXw,https://www.youtube.com/watch?v=_invBeC8VXw,48,1615.0,1655.0,40.0,neutral,0.097,0.51,0.0,0.0,0.0,0.0,0.0,0.0,0.0,0.0
_invBeC8VXw,https://www.youtube.com/watch?v=_invBeC8VXw,49,1653.1,1692.0,38.8,negative,-0.11,0.34,0.0,0.0,0.0,0.0,0.0,0.0,0.0,0.0
_invBeC8VXw,https://www.youtube.com/watch?v=_invBeC8VXw,50,1687.8,1724.6,36.8,positive,0.327,0.291,0.0,0.0,0.0,0.0,0.0,0.0,0.0,0.0
_invBeC8VXw,https://www.youtube.com/watch?v=_invBeC8VXw,51,1725.4,1761.4,36.0,positive,0.36,0.685,0.0,0.0,0.0,0.0,0.0,0.0,0.0,0.0
_invBeC8VXw,https://www.youtube.com/watch?v=_invBeC8VXw,52,1758.8,1797.1,38.3,positive,0.23,0.593,0.0,0.0,0.0,0.0,0.0,0.0,0.0,0.0
_invBeC8VXw,https://www.youtube.com/watch?v=_invBeC8VXw,53,1793.4,1829.2,35.8,positive,0.264,0.54,0.0,0.0,0.0,0.0,0.0,0.0,0.0,0.0
_invBeC8VXw,https://www.youtube.com/watch?v=_invBeC8VXw,54,1826.6,1865.0,38.4,neutral,0.028,0.393,0.0,0.0,0.0,0.0,0.0,0.0,0.0,0.0
_invBeC8VXw,https://www.youtube.com/watch?v=_invBeC8VXw,55,1860.0,1895.0,35.0,positive,0.5,0.688,0.0,0.0,0.0,0.0,0.0,0.0,0.0,0.0
_invBeC8VXw,https://www.youtube.com/watch?v=_invBeC8VXw,56,1892.6,1928.0,35.4,neutral,-0.078,0.315,0.0,0.0,0.0,0.0,0.0,0.0,0.0,0.0
_invBeC8VXw,https://www.youtube.com/watch?v=_invBeC8VXw,57,1925.6,1963.1,37.5,neutral,0.049,0.573,0.0,0.0,0.0,0.0,0.0,0.0,0.0,0.0
_invBeC8VXw,https://www.youtube.com/watch?v=_invBeC8VXw,58,1961.8,1997.8,36.1,positive,0.139,0.566,0.0,9.901,0.0,0.0,0.0,0.0,0.0,0.0
_invBeC8VXw,https://www.youtube.com/watch?v=_invBeC8VXw,59,1995.6,2032.9,37.3,positive,0.21,0.381,0.0,0.0,0.0,0.0,0.0,0.0,0.0,0.0
_invBeC8VXw,https://www.youtube.com/watch?v=_invBeC8VXw,60,2028.6,2065.3,36.6,neutral,0.045,0.348,0.0,0.0,0.0,0.0,0.0,0.0,0.0,0.0
_invBeC8VXw,https://www.youtube.com/watch?v=_invBeC8VXw,61,2063.2,2099.6,36.4,neutral,0.066,0.49,0.0,0.0,0.0,0.0,0.0,0.0,0.0,0.0
_invBeC8VXw,https://www.youtube.com/watch?v=_invBeC8VXw,62,2096.2,2134.9,38.7,neutral,0.048,0.363,0.0,0.0,0.0,0.0,0.0,0.0,0.0,0.0
_invBeC8VXw,https://www.youtube.com/watch?v=_invBeC8VXw,63,2132.6,2168.3,35.7,neutral,0.083,0.417,0.0,0.0,0.0,0.0,0.0,0.0,0.0,0.0
_invBeC8VXw,https://www.youtube.com/watch?v=_invBeC8VXw,64,2166.4,2201.6,35.2,positive,0.148,0.43,0.0,0.0,0.0,0.0,0.0,0.0,0.0,0.0
_invBeC8VXw,https://www.youtube.com/watch?v=_invBeC8VXw,65,2198.6,2238.8,40.2,negative,-0.225,0.4,0.0,0.0,0.0,0.0,0.0,0.0,0.0,0.0
_invBeC8VXw,https://www.youtube.com/watch?v=_invBeC8VXw,66,2234.2,2270.6,36.5,positive,0.335,0.555,0.0,0.0,0.0,0.0,0.0,0.0,0.0,0.0
_invBeC8VXw,https://www.youtube.com/watch?v=_invBeC8VXw,67,2267.8,2302.5,34.7,neutral,-0.029,0.208,0.0,14.706,0.0,0.0,0.0,0.0,0.0,0.0
_invBeC8VXw,https://www.youtube.com/watch?v=_invBeC8VXw,68,2300.6,2336.7,36.0,negative,-0.218,0.398,0.0,0.0,0.0,0.0,0.0,0.0,0.0,0.0
_invBeC8VXw,https://www.youtube.com/watch?v=_invBeC8VXw,69,2334.1,2385.9,51.8,positive,0.191,0.381,0.0,0.0,0.0,0.0,0.0,0.0,0.0,0.0
_invBeC8VXw,https://www.youtube.com/watch?v=_invBeC8VXw,70,2383.2,2418.8,35.6,positive,0.268,0.546,0.0,0.0,0.0,0.0,0.0,0.0,0.0,0.0
_invBeC8VXw,https://www.youtube.com/watch?v=_invBeC8VXw,71,2417.0,2432.0,15.0,negative,-0.125,0.35,0.0,0.0,0.0,0.0,0.0,0.0,0.0,0.0
DtW8rTEgQKo,https://www.youtube.com/watch?v=DtW8rTEgQKo,1,1.4,36.1,34.6,neutral,-0.049,0.502,0.0,0.0,0.0,0.0,0.0,0.0,0.0,0.0
DtW8rTEgQKo,https://www.youtube.com/watch?v=DtW8rTEgQKo,2,34.4,69.3,34.9,positive,0.201,0.468,0.0,0.0,0.0,0.0,0.0,0.0,0.0,0.0
DtW8rTEgQKo,https://www.youtube.com/watch?v=DtW8rTEgQKo,3,67.4,101.6,34.2,positive,0.299,0.626,0.0,0.0,0.0,0.0,0.0,0.0,0.0,0.0
DtW8rTEgQKo,https://www.youtube.com/watch?v=DtW8rTEgQKo,4,99.4,136.4,37.0,positive,0.379,0.537,0.0,0.0,0.0,0.0,0.0,0.0,0.0,0.0
DtW8rTEgQKo,https://www.youtube.com/watch?v=DtW8rTEgQKo,5,133.8,170.1,36.2,positive,0.321,0.528,0.0,0.0,0.0,0.0,0.0,0.0,0.0,0.0
DtW8rTEgQKo,https://www.youtube.com/watch?v=DtW8rTEgQKo,6,168.3,206.2,37.8,positive,0.171,0.689,0.0,0.0,0.0,0.0,0.0,0.0,0.0,0.0
DtW8rTEgQKo,https://www.youtube.com/watch?v=DtW8rTEgQKo,7,203.1,237.3,34.2,positive,0.376,0.56,0.0,0.0,0.0,0.0,0.0,0.0,0.0,0.0
DtW8rTEgQKo,https://www.youtube.com/watch?v=DtW8rTEgQKo,8,235.5,269.4,33.8,positive,0.206,0.473,0.0,10.87,0.0,0.0,0.0,0.0,0.0,0.0
DtW8rTEgQKo,https://www.youtube.com/watch?v=DtW8rTEgQKo,9,267.7,303.2,35.5,positive,0.185,0.503,0.0,0.0,0.0,0.0,0.0,0.0,0.0,0.0
DtW8rTEgQKo,https://www.youtube.com/watch?v=DtW8rTEgQKo,10,300.8,338.5,37.7,neutral,0.026,0.501,0.0,0.0,0.0,0.0,0.0,0.0,0.0,0.0
DtW8rTEgQKo,https://www.youtube.com/watch?v=DtW8rTEgQKo,11,335.5,370.6,35.0,neutral,0.004,0.52,0.0,0.0,0.0,0.0,0.0,0.0,0.0,0.0
DtW8rTEgQKo,https://www.youtube.com/watch?v=DtW8rTEgQKo,12,368.6,405.1,36.5,positive,0.359,0.372,0.0,10.989,0.0,0.0,0.0,0.0,0.0,0.0
DtW8rTEgQKo,https://www.youtube.com/watch?v=DtW8rTEgQKo,13,402.5,436.3,33.8,positive,0.336,0.474,0.0,0.0,0.0,0.0,0.0,0.0,0.0,0.0
DtW8rTEgQKo,https://www.youtube.com/watch?v=DtW8rTEgQKo,14,434.5,471.7,37.2,positive,0.148,0.348,0.0,11.628,0.0,0.0,0.0,0.0,0.0,0.0
DtW8rTEgQKo,https://www.youtube.com/watch?v=DtW8rTEgQKo,15,468.0,503.8,35.8,positive,0.24,0.574,0.0,10.989,0.0,0.0,0.0,0.0,0.0,0.0
DtW8rTEgQKo,https://www.youtube.com/watch?v=DtW8rTEgQKo,16,501.7,536.8,35.1,positive,0.192,0.622,0.0,0.0,0.0,0.0,0.0,0.0,0.0,0.0
DtW8rTEgQKo,https://www.youtube.com/watch?v=DtW8rTEgQKo,17,534.7,545.0,10.3,positive,0.2,0.275,0.0,0.0,0.0,0.0,0.0,0.0,0.0,0.0
zx7JPEP-w5U,https://www.youtube.com/watch?v=zx7JPEP-w5U,1,1.7,34.2,32.5,neutral,-0.0,0.301,0.0,0.0,0.0,0.0,0.0,0.0,0.0,9.009
zx7JPEP-w5U,https://www.youtube.com/watch?v=zx7JPEP-w5U,2,34.2,66.0,31.8,neutral,-0.063,0.523,0.0,0.0,0.0,0.0,0.0,0.0,0.0,0.0
zx7JPEP-w5U,https://www.youtube.com/watch?v=zx7JPEP-w5U,3,66.0,98.5,32.4,neutral,0.038,0.418,0.0,10.989,0.0,0.0,0.0,0.0,0.0,0.0
zx7JPEP-w5U,https://www.youtube.com/watch?v=zx7JPEP-w5U,4,99.2,131.6,32.4,neutral,-0.006,0.316,0.0,0.0,0.0,0.0,0.0,0.0,0.0,0.0
zx7JPEP-w5U,https://www.youtube.com/watch?v=zx7JPEP-w5U,5,131.6,165.5,33.9,neutral,-0.015,0.308,0.0,0.0,0.0,0.0,0.0,0.0,0.0,0.0
zx7JPEP-w5U,https://www.youtube.com/watch?v=zx7JPEP-w5U,6,165.5,198.3,32.8,neutral,0.014,0.18,0.0,0.0,0.0,0.0,0.0,0.0,0.0,0.0
zx7JPEP-w5U,https://www.youtube.com/watch?v=zx7JPEP-w5U,7,198.3,230.7,32.4,positive,0.237,0.67,0.0,0.0,0.0,0.0,0.0,0.0,0.0,0.0
zx7JPEP-w5U,https://www.youtube.com/watch?v=zx7JPEP-w5U,8,230.7,262.0,31.4,positive,0.154,0.43,0.0,0.0,0.0,0.0,0.0,0.0,0.0,0.0
zx7JPEP-w5U,https://www.youtube.com/watch?v=zx7JPEP-w5U,9,262.8,295.1,32.3,neutral,0.098,0.372,0.0,0.0,0.0,0.0,0.0,0.0,0.0,0.0
zx7JPEP-w5U,https://www.youtube.com/watch?v=zx7JPEP-w5U,10,295.1,327.5,32.4,negative,-0.424,0.638,0.0,0.0,0.0,0.0,0.0,0.0,0.0,0.0
zx7JPEP-w5U,https://www.youtube.com/watch?v=zx7JPEP-w5U,11,327.5,360.4,32.9,neutral,-0.004,0.44,0.0,0.0,0.0,0.0,0.0,0.0,0.0,0.0
zx7JPEP-w5U,https://www.youtube.com/watch?v=zx7JPEP-w5U,12,360.4,392.6,32.2,neutral,0.058,0.26,0.0,0.0,0.0,0.0,0.0,0.0,0.0,0.0
zx7JPEP-w5U,https://www.youtube.com/watch?v=zx7JPEP-w5U,13,392.6,425.0,32.4,positive,0.149,0.356,0.0,10.309,0.0,0.0,0.0,0.0,0.0,0.0
zx7JPEP-w5U,https://www.youtube.com/watch?v=zx7JPEP-w5U,14,425.0,457.2,32.2,positive,0.467,0.511,0.0,0.0,0.0,0.0,0.0,0.0,0.0,0.0
zx7JPEP-w5U,https://www.youtube.com/watch?v=zx7JPEP-w5U,15,457.6,489.6,32.0,neutral,0.074,0.368,0.0,0.0,0.0,0.0,0.0,0.0,0.0,0.0
zx7JPEP-w5U,https://www.youtube.com/watch?v=zx7JPEP-w5U,16,489.6,523.1,33.5,positive,0.21,0.467,0.0,19.417,0.0,0.0,0.0,0.0,0.0,0.0
zx7JPEP-w5U,https://www.youtube.com/watch?v=zx7JPEP-w5U,17,523.1,526.7,3.6,positive,0.5,0.4,0.0,0.0,0.0,0.0,0.0,0.0,0.0,0.0
AnxTliVNVNM,https://www.youtube.com/watch?v=AnxTliVNVNM,1,0.1,34.9,34.8,positive,0.136,0.497,0.0,0.0,0.0,0.0,0.0,0.0,0.0,0.0
AnxTliVNVNM,https://www.youtube.com/watch?v=AnxTliVNVNM,2,33.5,69.8,36.2,positive,0.268,0.576,6.897,0.0,0.0,0.0,0.0,0.0,0.0,6.897
AnxTliVNVNM,https://www.youtube.com/watch?v=AnxTliVNVNM,3,66.7,102.3,35.6,positive,0.229,0.471,0.0,0.0,0.0,0.0,0.0,0.0,0.0,0.0
AnxTliVNVNM,https://www.youtube.com/watch?v=AnxTliVNVNM,4,100.2,135.5,35.3,neutral,0.094,0.448,0.0,0.0,0.0,0.0,0.0,0.0,0.0,0.0
AnxTliVNVNM,https://www.youtube.com/watch?v=AnxTliVNVNM,5,133.0,168.6,35.6,positive,0.177,0.385,0.0,0.0,0.0,0.0,0.0,0.0,0.0,0.0
AnxTliVNVNM,https://www.youtube.com/watch?v=AnxTliVNVNM,6,166.0,240.2,74.2,positive,0.258,0.507,0.0,0.0,0.0,0.0,0.0,0.0,0.0,0.0
AnxTliVNVNM,https://www.youtube.com/watch?v=AnxTliVNVNM,7,238.6,274.6,36.0,positive,0.781,0.819,0.0,0.0,0.0,0.0,0.0,0.0,0.0,0.0
AnxTliVNVNM,https://www.youtube.com/watch?v=AnxTliVNVNM,8,271.9,307.0,35.0,positive,0.223,0.549,0.0,0.0,0.0,0.0,0.0,0.0,0.0,0.0
AnxTliVNVNM,https://www.youtube.com/watch?v=AnxTliVNVNM,9,305.8,344.2,38.5,positive,0.281,0.561,9.615,0.0,0.0,0.0,0.0,0.0,0.0,9.615
AnxTliVNVNM,https://www.youtube.com/watch?v=AnxTliVNVNM,10,341.2,377.2,36.0,positive,0.194,0.274,0.0,0.0,0.0,0.0,0.0,0.0,0.0,20.0
AnxTliVNVNM,https://www.youtube.com/watch?v=AnxTliVNVNM,11,375.3,410.4,35.1,positive,0.217,0.593,0.0,0.0,0.0,0.0,0.0,0.0,9.259,0.0
AnxTliVNVNM,https://www.youtube.com/watch?v=AnxTliVNVNM,12,408.6,457.2,48.6,positive,0.235,0.756,17.241,0.0,0.0,0.0,0.0,0.0,0.0,0.0
AnxTliVNVNM,https://www.youtube.com/watch?v=AnxTliVNVNM,13,454.7,488.9,34.2,positive,0.415,0.675,0.0,0.0,0.0,0.0,0.0,0.0,0.0,0.0
AnxTliVNVNM,https://www.youtube.com/watch?v=AnxTliVNVNM,14,487.0,521.2,34.1,positive,0.152,0.397,0.0,0.0,0.0,0.0,0.0,0.0,0.0,8.403
AnxTliVNVNM,https://www.youtube.com/watch?v=AnxTliVNVNM,15,520.2,557.7,37.5,positive,0.338,0.516,0.0,0.0,0.0,0.0,0.0,0.0,0.0,0.0
AnxTliVNVNM,https://www.youtube.com/watch?v=AnxTliVNVNM,16,556.2,591.0,34.9,neutral,0.096,0.48,0.0,0.0,0.0,0.0,0.0,0.0,0.0,0.0
AnxTliVNVNM,https://www.youtube.com/watch?v=AnxTliVNVNM,17,588.8,624.9,36.0,positive,0.242,0.512,12.987,0.0,0.0,0.0,0.0,0.0,0.0,12.987
AnxTliVNVNM,https://www.youtube.com/watch?v=AnxTliVNVNM,18,622.5,658.9,36.4,positive,0.3,0.517,0.0,0.0,0.0,0.0,0.0,0.0,0.0,0.0
AnxTliVNVNM,https://www.youtube.com/watch?v=AnxTliVNVNM,19,655.7,692.6,36.8,positive,0.113,0.312,0.0,0.0,0.0,0.0,0.0,0.0,0.0,0.0
AnxTliVNVNM,https://www.youtube.com/watch?v=AnxTliVNVNM,20,690.2,725.7,35.5,positive,0.174,0.4,0.0,0.0,0.0,0.0,0.0,0.0,0.0,0.0
AnxTliVNVNM,https://www.youtube.com/watch?v=AnxTliVNVNM,21,723.2,763.7,40.5,positive,0.232,0.523,0.0,0.0,0.0,0.0,0.0,0.0,0.0,0.0
AnxTliVNVNM,https://www.youtube.com/watch?v=AnxTliVNVNM,22,760.2,794.4,34.2,positive,0.351,0.757,0.0,0.0,0.0,0.0,0.0,0.0,0.0,0.0
AnxTliVNVNM,https://www.youtube.com/watch?v=AnxTliVNVNM,23,792.9,828.6,35.7,positive,0.267,0.506,0.0,0.0,0.0,0.0,0.0,0.0,0.0,0.0
AnxTliVNVNM,https://www.youtube.com/watch?v=AnxTliVNVNM,24,826.7,863.5,36.8,negative,-0.22,0.607,0.0,0.0,0.0,0.0,0.0,0.0,0.0,0.0
AnxTliVNVNM,https://www.youtube.com/watch?v=AnxTliVNVNM,25,860.5,894.1,33.6,neutral,0.072,0.49,10.753,0.0,0.0,0.0,0.0,0.0,0.0,10.753
AnxTliVNVNM,https://www.youtube.com/watch?v=AnxTliVNVNM,26,891.8,925.0,33.2,positive,0.114,0.518,0.0,10.0,0.0,0.0,0.0,0.0,0.0,0.0
AnxTliVNVNM,https://www.youtube.com/watch?v=AnxTliVNVNM,27,923.5,960.8,37.3,positive,0.14,0.431,0.0,0.0,0.0,0.0,0.0,0.0,0.0,0.0
AnxTliVNVNM,https://www.youtube.com/watch?v=AnxTliVNVNM,28,958.5,996.1,37.6,negative,-0.188,0.812,0.0,0.0,0.0,0.0,0.0,0.0,0.0,0.0
AnxTliVNVNM,https://www.youtube.com/watch?v=AnxTliVNVNM,29,992.5,1029.7,37.2,positive,0.198,0.567,0.0,0.0,0.0,0.0,0.0,0.0,0.0,0.0
AnxTliVNVNM,https://www.youtube.com/watch?v=AnxTliVNVNM,30,1026.0,1061.6,35.6,neutral,0.029,0.434,0.0,0.0,0.0,0.0,0.0,0.0,0.0,0.0
AnxTliVNVNM,https://www.youtube.com/watch?v=AnxTliVNVNM,31,1066.4,1101.7,35.3,positive,0.436,0.633,21.505,10.753,0.0,0.0,0.0,0.0,0.0,0.0
AnxTliVNVNM,https://www.youtube.com/watch?v=AnxTliVNVNM,32,1099.8,1123.0,23.2,positive,0.148,0.388,25.316,0.0,0.0,0.0,0.0,0.0,0.0,0.0
kKT-YQQ7a9o,https://www.youtube.com/watch?v=kKT-YQQ7a9o,1,1.5,37.6,36.1,neutral,-0.031,0.384,0.0,0.0,0.0,0.0,0.0,0.0,0.0,0.0
kKT-YQQ7a9o,https://www.youtube.com/watch?v=kKT-YQQ7a9o,2,35.7,71.3,35.6,neutral,0.062,0.455,0.0,0.0,0.0,0.0,0.0,0.0,0.0,0.0
kKT-YQQ7a9o,https://www.youtube.com/watch?v=kKT-YQQ7a9o,3,69.4,105.8,36.5,neutral,0.082,0.255,0.0,0.0,0.0,0.0,0.0,0.0,0.0,0.0
kKT-YQQ7a9o,https://www.youtube.com/watch?v=kKT-YQQ7a9o,4,103.9,140.2,36.3,negative,-0.147,0.444,9.524,9.524,0.0,0.0,0.0,0.0,0.0,0.0
kKT-YQQ7a9o,https://www.youtube.com/watch?v=kKT-YQQ7a9o,5,137.4,173.9,36.6,positive,0.204,0.511,10.0,0.0,0.0,0.0,0.0,0.0,0.0,0.0
kKT-YQQ7a9o,https://www.youtube.com/watch?v=kKT-YQQ7a9o,6,171.6,208.0,36.4,positive,0.178,0.495,0.0,0.0,0.0,0.0,0.0,0.0,0.0,0.0
kKT-YQQ7a9o,https://www.youtube.com/watch?v=kKT-YQQ7a9o,7,205.2,242.4,37.2,neutral,0.054,0.405,0.0,0.0,0.0,0.0,0.0,0.0,0.0,0.0
kKT-YQQ7a9o,https://www.youtube.com/watch?v=kKT-YQQ7a9o,8,240.6,279.5,38.9,positive,0.144,0.389,0.0,0.0,0.0,0.0,0.0,0.0,0.0,0.0
kKT-YQQ7a9o,https://www.youtube.com/watch?v=kKT-YQQ7a9o,9,276.8,310.8,34.0,positive,0.198,0.489,0.0,0.0,0.0,0.0,0.0,0.0,0.0,0.0
kKT-YQQ7a9o,https://www.youtube.com/watch?v=kKT-YQQ7a9o,10,309.1,345.4,36.2,neutral,-0.052,0.43,0.0,0.0,0.0,0.0,0.0,0.0,0.0,0.0
kKT-YQQ7a9o,https://www.youtube.com/watch?v=kKT-YQQ7a9o,11,343.0,378.4,35.4,negative,-0.112,0.408,0.0,0.0,0.0,0.0,0.0,0.0,0.0,0.0
kKT-YQQ7a9o,https://www.youtube.com/watch?v=kKT-YQQ7a9o,12,376.6,411.4,34.7,neutral,-0.046,0.449,0.0,0.0,0.0,0.0,0.0,0.0,0.0,0.0
kKT-YQQ7a9o,https://www.youtube.com/watch?v=kKT-YQQ7a9o,13,409.8,443.6,33.8,neutral,-0.083,0.421,0.0,0.0,0.0,0.0,0.0,0.0,0.0,0.0
kKT-YQQ7a9o,https://www.youtube.com/watch?v=kKT-YQQ7a9o,14,441.8,479.7,37.9,neutral,-0.053,0.294,0.0,9.434,0.0,0.0,0.0,0.0,0.0,0.0
kKT-YQQ7a9o,https://www.youtube.com/watch?v=kKT-YQQ7a9o,15,477.0,514.2,37.1,neutral,-0.075,0.447,0.0,8.621,0.0,0.0,0.0,0.0,0.0,0.0
kKT-YQQ7a9o,https://www.youtube.com/watch?v=kKT-YQQ7a9o,16,511.5,547.0,35.4,negative,-0.177,0.44,0.0,8.696,0.0,0.0,0.0,0.0,0.0,0.0
kKT-YQQ7a9o,https://www.youtube.com/watch?v=kKT-YQQ7a9o,17,545.0,581.1,36.2,neutral,0.061,0.366,0.0,0.0,0.0,0.0,0.0,0.0,0.0,0.0
kKT-YQQ7a9o,https://www.youtube.com/watch?v=kKT-YQQ7a9o,18,578.2,614.4,36.2,neutral,0.056,0.444,0.0,0.0,0.0,0.0,0.0,0.0,0.0,0.0
kKT-YQQ7a9o,https://www.youtube.com/watch?v=kKT-YQQ7a9o,19,611.9,646.6,34.6,positive,0.19,0.344,0.0,0.0,0.0,0.0,0.0,0.0,0.0,0.0
kKT-YQQ7a9o,https://www.youtube.com/watch?v=kKT-YQQ7a9o,20,644.1,678.6,34.5,positive,0.286,0.545,0.0,0.0,0.0,0.0,0.0,0.0,0.0,0.0
kKT-YQQ7a9o,https://www.youtube.com/watch?v=kKT-YQQ7a9o,21,676.6,711.5,34.9,positive,0.134,0.184,0.0,0.0,0.0,0.0,0.0,0.0,0.0,0.0
EgSH4echoyI,https://www.youtube.com/watch?v=EgSH4echoyI,1,0.2,35.5,35.4,positive,0.12,0.36,0.0,0.0,0.0,0.0,0.0,0.0,0.0,0.0
EgSH4echoyI,https://www.youtube.com/watch?v=EgSH4echoyI,2,32.6,68.5,35.9,neutral,-0.002,0.188,0.0,0.0,0.0,0.0,0.0,0.0,0.0,0.0
EgSH4echoyI,https://www.youtube.com/watch?v=EgSH4echoyI,3,66.5,102.5,36.0,neutral,0.09,0.389,0.0,0.0,0.0,0.0,0.0,0.0,0.0,0.0
EgSH4echoyI,https://www.youtube.com/watch?v=EgSH4echoyI,4,100.6,137.6,37.0,neutral,0.029,0.4,0.0,0.0,0.0,0.0,0.0,0.0,10.204,0.0
EgSH4echoyI,https://www.youtube.com/watch?v=EgSH4echoyI,5,135.4,170.7,35.3,positive,0.178,0.433,0.0,0.0,0.0,0.0,0.0,0.0,0.0,0.0
EgSH4echoyI,https://www.youtube.com/watch?v=EgSH4echoyI,6,168.6,204.5,35.9,negative,-0.254,0.48,0.0,22.222,0.0,0.0,0.0,0.0,0.0,0.0
EgSH4echoyI,https://www.youtube.com/watch?v=EgSH4echoyI,7,202.6,238.3,35.7,positive,0.128,0.454,0.0,0.0,0.0,0.0,0.0,0.0,0.0,0.0
EgSH4echoyI,https://www.youtube.com/watch?v=EgSH4echoyI,8,236.2,271.0,34.8,positive,0.171,0.554,0.0,0.0,0.0,0.0,0.0,0.0,0.0,0.0
EgSH4echoyI,https://www.youtube.com/watch?v=EgSH4echoyI,9,269.0,306.2,37.1,positive,0.113,0.395,0.0,0.0,0.0,0.0,0.0,0.0,0.0,0.0
EgSH4echoyI,https://www.youtube.com/watch?v=EgSH4echoyI,10,303.8,338.2,34.4,neutral,0.087,0.646,0.0,0.0,0.0,0.0,0.0,0.0,0.0,0.0
EgSH4echoyI,https://www.youtube.com/watch?v=EgSH4echoyI,11,336.4,372.2,35.8,positive,0.144,0.254,0.0,0.0,0.0,0.0,0.0,0.0,0.0,0.0
EgSH4echoyI,https://www.youtube.com/watch?v=EgSH4echoyI,12,371.0,405.6,34.6,neutral,0.018,0.428,0.0,0.0,0.0,0.0,0.0,0.0,9.346,0.0
EgSH4echoyI,https://www.youtube.com/watch?v=EgSH4echoyI,13,404.3,422.1,17.8,positive,0.139,0.265,0.0,0.0,0.0,0.0,0.0,0.0,0.0,0.0
